{"groups":[{"keys":"egret_icon_png,description_json,bg_jpeg,bg2_jpg,bg3_jpg,form1_png,form2_png,form3_png,ci_png,timg_jpg,qiu_png,gameareabg1_png,gameareabg2_png,gameareabg3_png,kaishiyouxi_png,name_01_png,name_02_png,buttomlist_png,toplist_jpg,toplist2_png,buttom_png,roundthumb_png,track_sb_png,button_down_png,button_up_png,checkbox_select_disabled_png,checkbox_select_down_png,checkbox_select_up_png,checkbox_unselect_png,selected_png,border_png,header_png,thumb_pb_png,track_pb_png,radiobutton_select_disabled_png,radiobutton_select_down_png,radiobutton_select_up_png,radiobutton_unselect_png,thumb_png,track_png,tracklight_png,handle_png,off_png,on_png,replay_png,gameoverlisy_png,myrecord_png,gameoverbg_png","name":"preload"}],"resources":[{"url":"config/description_2e5ca871.json","type":"json","name":"description_json"},{"url":"assets/timg_686388f2.jpg","type":"image","name":"timg_jpg"},{"url":"packs0/preload-0sheet_4eb43d4b.json","type":"sheet","name":"preload-0sheet","subkeys":"tracklight_png,track_sb_png,track_png,track_pb_png,toplist_jpg,toplist2_png,thumb_png,thumb_pb_png,selected_png,roundthumb_png,replay_png,radiobutton_unselect_png,radiobutton_select_up_png,radiobutton_select_down_png,radiobutton_select_disabled_png,qiu_png,on_png,off_png,name_02_png,name_01_png,myrecord_png,kaishiyouxi_png,header_png,handle_png,gameoverlisy_png,gameareabg3_png,gameareabg2_png,gameareabg1_png,form3_png,form2_png,form1_png,egret_icon_png,ci_png,checkbox_unselect_png,checkbox_select_up_png,checkbox_select_down_png,checkbox_select_disabled_png,button_up_png,button_down_png,buttomlist_png,buttom_png,border_png,bg_jpeg,bg3_jpg,bg2_jpg"},{"url":"packs0/preload-1sheet_35b62445.json","type":"sheet","name":"preload-1sheet","subkeys":"gameoverbg_png"}]}