{"frames":{"bg3_jpg":{"x":0,"y":0,"w":1920,"h":1200,"offX":0,"offY":0,"sourceW":1920,"sourceH":1200},"bg2_jpg":{"x":0,"y":1202,"w":940,"h":587,"offX":0,"offY":0,"sourceW":940,"sourceH":587},"qiu_png":{"x":942,"y":1202,"w":800,"h":480,"offX":0,"offY":0,"sourceW":800,"sourceH":480},"myrecord_png":{"x":942,"y":1684,"w":790,"h":53,"offX":0,"offY":0,"sourceW":790,"sourceH":53},"gameoverlisy_png":{"x":942,"y":1739,"w":790,"h":53,"offX":0,"offY":0,"sourceW":790,"sourceH":53},"egret_icon_png":{"x":1922,"y":0,"w":115,"h":172,"offX":0,"offY":0,"sourceW":115,"sourceH":172},"kaishiyouxi_png":{"x":1744,"y":1202,"w":276,"h":69,"offX":0,"offY":0,"sourceW":276,"sourceH":69},"bg_jpeg":{"x":1922,"y":174,"w":100,"h":177,"offX":0,"offY":0,"sourceW":100,"sourceH":177},"form3_png":{"x":1922,"y":353,"w":122,"h":100,"offX":0,"offY":0,"sourceW":122,"sourceH":100},"ci_png":{"x":1922,"y":455,"w":100,"h":100,"offX":0,"offY":0,"sourceW":100,"sourceH":100},"form1_png":{"x":1922,"y":557,"w":100,"h":100,"offX":0,"offY":0,"sourceW":100,"sourceH":100},"form2_png":{"x":1922,"y":659,"w":100,"h":100,"offX":0,"offY":0,"sourceW":100,"sourceH":100},"gameareabg2_png":{"x":1744,"y":1273,"w":276,"h":36,"offX":0,"offY":0,"sourceW":276,"sourceH":36},"gameareabg1_png":{"x":1744,"y":1311,"w":276,"h":36,"offX":0,"offY":0,"sourceW":276,"sourceH":36},"gameareabg3_png":{"x":1744,"y":1349,"w":276,"h":36,"offX":0,"offY":0,"sourceW":276,"sourceH":36},"name_01_png":{"x":1744,"y":1387,"w":253,"h":38,"offX":0,"offY":0,"sourceW":253,"sourceH":38},"replay_png":{"x":1744,"y":1427,"w":175,"h":54,"offX":0,"offY":0,"sourceW":175,"sourceH":54},"border_png":{"x":1744,"y":1483,"w":177,"h":47,"offX":0,"offY":0,"sourceW":177,"sourceH":47},"buttom_png":{"x":1922,"y":761,"w":34,"h":240,"offX":0,"offY":0,"sourceW":34,"sourceH":240},"toplist2_png":{"x":1958,"y":761,"w":34,"h":240,"offX":0,"offY":0,"sourceW":34,"sourceH":240},"toplist_jpg":{"x":1994,"y":761,"w":34,"h":240,"offX":0,"offY":0,"sourceW":34,"sourceH":240},"buttomlist_png":{"x":1999,"y":1387,"w":34,"h":240,"offX":0,"offY":0,"sourceW":34,"sourceH":240},"off_png":{"x":1922,"y":1003,"w":65,"h":27,"offX":0,"offY":0,"sourceW":65,"sourceH":27},"on_png":{"x":1922,"y":1032,"w":65,"h":27,"offX":0,"offY":0,"sourceW":65,"sourceH":27},"name_02_png":{"x":1989,"y":1003,"w":38,"h":38,"offX":0,"offY":0,"sourceW":38,"sourceH":38},"thumb_png":{"x":1989,"y":1043,"w":25,"h":25,"offX":0,"offY":0,"sourceW":25,"sourceH":25},"checkbox_select_up_png":{"x":2016,"y":1043,"w":23,"h":23,"offX":0,"offY":0,"sourceW":23,"sourceH":23},"handle_png":{"x":1922,"y":1061,"w":23,"h":23,"offX":0,"offY":0,"sourceW":23,"sourceH":23},"checkbox_unselect_png":{"x":1947,"y":1061,"w":23,"h":23,"offX":0,"offY":0,"sourceW":23,"sourceH":23},"checkbox_select_disabled_png":{"x":2016,"y":1068,"w":23,"h":23,"offX":0,"offY":0,"sourceW":23,"sourceH":23},"checkbox_select_down_png":{"x":1972,"y":1070,"w":23,"h":23,"offX":0,"offY":0,"sourceW":23,"sourceH":23},"radiobutton_select_up_png":{"x":2024,"y":174,"w":22,"h":22,"offX":0,"offY":0,"sourceW":22,"sourceH":22},"radiobutton_select_down_png":{"x":2024,"y":198,"w":22,"h":22,"offX":0,"offY":0,"sourceW":22,"sourceH":22},"radiobutton_select_disabled_png":{"x":2024,"y":222,"w":22,"h":22,"offX":0,"offY":0,"sourceW":22,"sourceH":22},"radiobutton_unselect_png":{"x":2024,"y":246,"w":22,"h":22,"offX":0,"offY":0,"sourceW":22,"sourceH":22},"button_down_png":{"x":2024,"y":270,"w":16,"h":16,"offX":0,"offY":0,"sourceW":16,"sourceH":16},"button_up_png":{"x":2024,"y":288,"w":16,"h":16,"offX":0,"offY":0,"sourceW":16,"sourceH":16},"header_png":{"x":2024,"y":306,"w":16,"h":16,"offX":0,"offY":0,"sourceW":16,"sourceH":16},"selected_png":{"x":2024,"y":324,"w":16,"h":16,"offX":0,"offY":0,"sourceW":16,"sourceH":16},"roundthumb_png":{"x":2039,"y":0,"w":6,"h":6,"offX":0,"offY":0,"sourceW":6,"sourceH":6},"tracklight_png":{"x":2039,"y":8,"w":6,"h":6,"offX":0,"offY":0,"sourceW":6,"sourceH":6},"track_pb_png":{"x":2039,"y":16,"w":6,"h":6,"offX":0,"offY":0,"sourceW":6,"sourceH":6},"thumb_pb_png":{"x":2039,"y":24,"w":6,"h":6,"offX":0,"offY":0,"sourceW":6,"sourceH":6},"track_sb_png":{"x":2039,"y":32,"w":6,"h":6,"offX":0,"offY":0,"sourceW":6,"sourceH":6},"track_png":{"x":2039,"y":40,"w":6,"h":6,"offX":0,"offY":0,"sourceW":6,"sourceH":6}},"file":"preload-0sheet_4fddb863.png"}